Tick,TotalEnergy(kWh),AverageEnergy(kWh)
0,2.6220000000000003,2.120764587525151
1,3.262,2.120764587525151
2,3.283,2.120764587525151
3,3.283,2.120764587525151
4,3.283,2.120764587525151
5,3.283,2.120764587525151
6,3.283,2.120764587525151
7,3.283,2.120764587525151
8,3.283,2.120764587525151
9,3.283,2.120764587525151
10,3.283,2.120764587525151
11,3.283,2.120764587525151
12,3.283,2.120764587525151
13,3.283,2.120764587525151
14,3.283,2.120764587525151
15,3.283,2.120764587525151
16,3.283,2.120764587525151
17,3.283,2.120764587525151
18,3.283,2.120764587525151
19,3.283,2.120764587525151
20,3.283,2.120764587525151
21,3.283,2.120764587525151
22,3.283,2.120764587525151
23,3.283,2.120764587525151
24,3.283,2.120764587525151
25,3.283,2.120764587525151
26,3.283,2.120764587525151
27,3.283,2.120764587525151
28,3.283,2.120764587525151
29,3.283,2.120764587525151
30,3.283,2.120764587525151
31,3.283,2.120764587525151
32,3.283,2.120764587525151
33,3.283,2.120764587525151
34,3.283,2.120764587525151
35,3.283,2.120764587525151
36,3.283,2.120764587525151
37,3.283,2.120764587525151
38,3.283,2.120764587525151
39,3.283,2.120764587525151
40,3.283,2.120764587525151
41,3.283,2.120764587525151
42,3.283,2.120764587525151
43,3.283,2.120764587525151
44,3.283,2.120764587525151
45,3.283,2.120764587525151
46,3.283,2.120764587525151
47,3.283,2.120764587525151
48,3.283,2.120764587525151
49,3.283,2.120764587525151
50,3.283,2.120764587525151
51,3.283,2.120764587525151
52,3.283,2.120764587525151
53,3.283,2.120764587525151
54,3.283,2.120764587525151
55,3.283,2.120764587525151
56,3.283,2.120764587525151
57,3.283,2.120764587525151
58,3.283,2.120764587525151
59,3.283,2.120764587525151
60,3.283,2.120764587525151
61,3.283,2.120764587525151
62,3.283,2.120764587525151
63,3.283,2.120764587525151
64,3.283,2.120764587525151
65,3.283,2.120764587525151
66,3.283,2.120764587525151
67,3.283,2.120764587525151
68,3.283,2.120764587525151
69,3.283,2.120764587525151
70,3.283,2.120764587525151
71,3.283,2.120764587525151
72,3.283,2.120764587525151
73,3.283,2.120764587525151
74,3.283,2.120764587525151
75,3.283,2.120764587525151
76,3.283,2.120764587525151
77,3.283,2.120764587525151
78,3.283,2.120764587525151
79,3.283,2.120764587525151
80,3.283,2.120764587525151
81,3.283,2.120764587525151
82,3.283,2.120764587525151
83,3.283,2.120764587525151
84,3.283,2.120764587525151
85,3.283,2.120764587525151
86,3.283,2.120764587525151
87,3.283,2.120764587525151
88,3.283,2.120764587525151
89,3.283,2.120764587525151
90,3.283,2.120764587525151
91,3.283,2.120764587525151
92,3.283,2.120764587525151
93,3.283,2.120764587525151
94,3.283,2.120764587525151
95,3.283,2.120764587525151
96,3.283,2.120764587525151
97,3.283,2.120764587525151
98,3.283,2.120764587525151
99,3.283,2.120764587525151
100,3.283,2.120764587525151
101,3.283,2.120764587525151
102,3.283,2.120764587525151
103,3.283,2.120764587525151
104,3.283,2.120764587525151
105,3.283,2.120764587525151
106,3.283,2.120764587525151
107,3.283,2.120764587525151
108,3.283,2.120764587525151
109,3.283,2.120764587525151
110,3.283,2.120764587525151
111,3.283,2.120764587525151
112,3.283,2.120764587525151
113,3.283,2.120764587525151
114,3.283,2.120764587525151
115,3.283,2.120764587525151
116,3.283,2.120764587525151
117,3.283,2.120764587525151
118,3.283,2.120764587525151
119,3.283,2.120764587525151
120,3.283,2.120764587525151
121,3.283,2.120764587525151
122,3.283,2.120764587525151
123,3.283,2.120764587525151
124,3.283,2.120764587525151
125,3.283,2.120764587525151
126,3.283,2.120764587525151
127,3.283,2.120764587525151
128,3.283,2.120764587525151
129,3.283,2.120764587525151
130,3.283,2.120764587525151
131,3.283,2.120764587525151
132,3.283,2.120764587525151
133,3.283,2.120764587525151
134,3.283,2.120764587525151
135,3.283,2.120764587525151
136,3.283,2.120764587525151
137,3.283,2.120764587525151
138,3.283,2.120764587525151
139,3.283,2.120764587525151
140,3.283,2.120764587525151
141,3.283,2.120764587525151
142,3.283,2.120764587525151
143,3.283,2.120764587525151
144,3.283,2.120764587525151
145,3.283,2.120764587525151
146,3.283,2.120764587525151
147,3.283,2.120764587525151
148,3.283,2.120764587525151
149,3.283,2.120764587525151
150,3.283,2.120764587525151
151,3.283,2.120764587525151
152,3.283,2.120764587525151
153,3.283,2.120764587525151
154,3.283,2.120764587525151
155,3.283,2.120764587525151
156,3.283,2.120764587525151
157,3.283,2.120764587525151
158,3.283,2.120764587525151
159,3.283,2.120764587525151
160,3.283,2.120764587525151
161,3.283,2.120764587525151
162,3.283,2.120764587525151
163,3.283,2.120764587525151
164,3.283,2.120764587525151
165,3.283,2.120764587525151
166,3.283,2.120764587525151
167,3.283,2.120764587525151
168,3.283,2.120764587525151
169,3.262,2.120764587525151
170,3.148,2.120764587525151
171,3.148,2.120764587525151
172,3.148,2.120764587525151
173,3.148,2.120764587525151
174,3.148,2.120764587525151
175,3.148,2.120764587525151
176,3.148,2.120764587525151
177,3.148,2.120764587525151
178,3.148,2.120764587525151
179,3.148,2.120764587525151
180,3.148,2.120764587525151
181,3.148,2.120764587525151
182,3.148,2.120764587525151
183,3.148,2.120764587525151
184,3.148,2.120764587525151
185,3.148,2.120764587525151
186,3.148,2.120764587525151
187,3.148,2.120764587525151
188,3.148,2.120764587525151
189,3.148,2.120764587525151
190,3.148,2.120764587525151
191,3.148,2.120764587525151
192,3.148,2.120764587525151
193,3.148,2.120764587525151
194,3.148,2.120764587525151
195,3.148,2.120764587525151
196,3.148,2.120764587525151
197,3.148,2.120764587525151
198,3.148,2.120764587525151
199,3.148,2.120764587525151
200,3.148,2.120764587525151
201,3.148,2.120764587525151
202,3.148,2.120764587525151
203,3.0130000000000003,2.120764587525151
204,3.0130000000000003,2.120764587525151
205,3.0130000000000003,2.120764587525151
206,3.0130000000000003,2.120764587525151
207,3.0130000000000003,2.120764587525151
208,3.0130000000000003,2.120764587525151
209,3.0130000000000003,2.120764587525151
210,3.0130000000000003,2.120764587525151
211,3.0130000000000003,2.120764587525151
212,3.0130000000000003,2.120764587525151
213,3.0130000000000003,2.120764587525151
214,3.0130000000000003,2.120764587525151
215,3.0130000000000003,2.120764587525151
216,3.0130000000000003,2.120764587525151
217,3.0130000000000003,2.120764587525151
218,3.0130000000000003,2.120764587525151
219,3.0130000000000003,2.120764587525151
220,3.0130000000000003,2.120764587525151
221,3.0130000000000003,2.120764587525151
222,3.0130000000000003,2.120764587525151
223,3.0130000000000003,2.120764587525151
224,3.0130000000000003,2.120764587525151
225,3.0130000000000003,2.120764587525151
226,3.0130000000000003,2.120764587525151
227,3.0130000000000003,2.120764587525151
228,3.0130000000000003,2.120764587525151
229,3.0130000000000003,2.120764587525151
230,3.0130000000000003,2.120764587525151
231,3.0130000000000003,2.120764587525151
232,3.0130000000000003,2.120764587525151
233,3.0130000000000003,2.120764587525151
234,3.0130000000000003,2.120764587525151
235,3.0130000000000003,2.120764587525151
236,3.0130000000000003,2.120764587525151
237,3.0130000000000003,2.120764587525151
238,3.0130000000000003,2.120764587525151
239,3.0130000000000003,2.120764587525151
240,3.0130000000000003,2.120764587525151
241,3.0130000000000003,2.120764587525151
242,3.0130000000000003,2.120764587525151
243,3.0130000000000003,2.120764587525151
244,3.0130000000000003,2.120764587525151
245,3.0130000000000003,2.120764587525151
246,3.0130000000000003,2.120764587525151
247,3.0130000000000003,2.120764587525151
248,3.0130000000000003,2.120764587525151
249,3.0130000000000003,2.120764587525151
250,3.0130000000000003,2.120764587525151
251,3.0130000000000003,2.120764587525151
252,3.0130000000000003,2.120764587525151
253,3.0130000000000003,2.120764587525151
254,3.0130000000000003,2.120764587525151
255,3.0130000000000003,2.120764587525151
256,3.0130000000000003,2.120764587525151
257,3.0130000000000003,2.120764587525151
258,3.0130000000000003,2.120764587525151
259,3.0130000000000003,2.120764587525151
260,3.0130000000000003,2.120764587525151
261,3.0130000000000003,2.120764587525151
262,3.0130000000000003,2.120764587525151
263,3.0130000000000003,2.120764587525151
264,3.0130000000000003,2.120764587525151
265,3.0130000000000003,2.120764587525151
266,3.0130000000000003,2.120764587525151
267,3.0130000000000003,2.120764587525151
268,3.0130000000000003,2.120764587525151
269,3.0130000000000003,2.120764587525151
270,3.0130000000000003,2.120764587525151
271,3.0130000000000003,2.120764587525151
272,3.0130000000000003,2.120764587525151
273,3.0130000000000003,2.120764587525151
274,3.0130000000000003,2.120764587525151
275,3.0130000000000003,2.120764587525151
276,3.0130000000000003,2.120764587525151
277,3.0130000000000003,2.120764587525151
278,3.0130000000000003,2.120764587525151
279,3.0130000000000003,2.120764587525151
280,3.0130000000000003,2.120764587525151
281,3.0130000000000003,2.120764587525151
282,3.0130000000000003,2.120764587525151
283,3.0130000000000003,2.120764587525151
284,3.0130000000000003,2.120764587525151
285,3.0130000000000003,2.120764587525151
286,3.0130000000000003,2.120764587525151
287,3.0130000000000003,2.120764587525151
288,3.0130000000000003,2.120764587525151
289,3.0130000000000003,2.120764587525151
290,3.0130000000000003,2.120764587525151
291,3.0130000000000003,2.120764587525151
292,3.0130000000000003,2.120764587525151
293,3.0130000000000003,2.120764587525151
294,3.0130000000000003,2.120764587525151
295,3.0130000000000003,2.120764587525151
296,3.0130000000000003,2.120764587525151
297,3.0130000000000003,2.120764587525151
298,3.003,2.120764587525151
299,2.6129999999999995,2.120764587525151
300,0.993,2.120764587525151
301,0.723,2.120764587525151
302,0.723,2.120764587525151
303,0.723,2.120764587525151
304,0.723,2.120764587525151
305,0.723,2.120764587525151
306,0.723,2.120764587525151
307,0.723,2.120764587525151
308,0.723,2.120764587525151
309,0.723,2.120764587525151
310,0.723,2.120764587525151
311,0.723,2.120764587525151
312,0.723,2.120764587525151
313,0.723,2.120764587525151
314,0.723,2.120764587525151
315,0.723,2.120764587525151
316,0.723,2.120764587525151
317,0.723,2.120764587525151
318,0.723,2.120764587525151
319,0.723,2.120764587525151
320,0.723,2.120764587525151
321,0.723,2.120764587525151
322,0.723,2.120764587525151
323,0.723,2.120764587525151
324,0.723,2.120764587525151
325,0.723,2.120764587525151
326,0.723,2.120764587525151
327,0.723,2.120764587525151
328,0.723,2.120764587525151
329,0.723,2.120764587525151
330,0.723,2.120764587525151
331,0.723,2.120764587525151
332,0.723,2.120764587525151
333,0.723,2.120764587525151
334,0.723,2.120764587525151
335,0.723,2.120764587525151
336,0.723,2.120764587525151
337,0.723,2.120764587525151
338,0.723,2.120764587525151
339,0.723,2.120764587525151
340,0.723,2.120764587525151
341,0.723,2.120764587525151
342,0.723,2.120764587525151
343,0.723,2.120764587525151
344,0.723,2.120764587525151
345,0.723,2.120764587525151
346,0.723,2.120764587525151
347,0.723,2.120764587525151
348,0.723,2.120764587525151
349,0.723,2.120764587525151
350,0.723,2.120764587525151
351,0.723,2.120764587525151
352,0.723,2.120764587525151
353,0.723,2.120764587525151
354,0.723,2.120764587525151
355,0.723,2.120764587525151
356,0.723,2.120764587525151
357,0.723,2.120764587525151
358,0.723,2.120764587525151
359,0.723,2.120764587525151
360,0.723,2.120764587525151
361,0.723,2.120764587525151
362,0.723,2.120764587525151
363,0.723,2.120764587525151
364,0.723,2.120764587525151
365,0.723,2.120764587525151
366,0.723,2.120764587525151
367,0.723,2.120764587525151
368,0.723,2.120764587525151
369,0.723,2.120764587525151
370,0.723,2.120764587525151
371,0.723,2.120764587525151
372,0.723,2.120764587525151
373,0.723,2.120764587525151
374,0.723,2.120764587525151
375,0.723,2.120764587525151
376,0.723,2.120764587525151
377,0.723,2.120764587525151
378,0.723,2.120764587525151
379,0.723,2.120764587525151
380,0.723,2.120764587525151
381,0.723,2.120764587525151
382,0.723,2.120764587525151
383,0.723,2.120764587525151
384,0.723,2.120764587525151
385,0.723,2.120764587525151
386,0.723,2.120764587525151
387,0.723,2.120764587525151
388,0.723,2.120764587525151
389,0.723,2.120764587525151
390,0.723,2.120764587525151
391,0.723,2.120764587525151
392,0.723,2.120764587525151
393,0.723,2.120764587525151
394,0.723,2.120764587525151
395,0.723,2.120764587525151
396,0.723,2.120764587525151
397,0.723,2.120764587525151
398,0.5680000000000001,2.120764587525151
399,0.298,2.120764587525151
400,0.298,2.120764587525151
401,0.298,2.120764587525151
402,0.298,2.120764587525151
403,0.298,2.120764587525151
404,0.298,2.120764587525151
405,0.298,2.120764587525151
406,0.298,2.120764587525151
407,0.298,2.120764587525151
408,0.298,2.120764587525151
409,0.298,2.120764587525151
410,0.298,2.120764587525151
411,0.298,2.120764587525151
412,0.298,2.120764587525151
413,0.298,2.120764587525151
414,0.298,2.120764587525151
415,0.298,2.120764587525151
416,0.298,2.120764587525151
417,0.298,2.120764587525151
418,0.298,2.120764587525151
419,0.298,2.120764587525151
420,0.298,2.120764587525151
421,0.298,2.120764587525151
422,0.298,2.120764587525151
423,0.298,2.120764587525151
424,0.298,2.120764587525151
425,0.298,2.120764587525151
426,0.298,2.120764587525151
427,0.298,2.120764587525151
428,0.298,2.120764587525151
429,0.298,2.120764587525151
430,0.298,2.120764587525151
431,0.298,2.120764587525151
432,0.298,2.120764587525151
433,0.298,2.120764587525151
434,0.298,2.120764587525151
435,0.298,2.120764587525151
436,0.298,2.120764587525151
437,0.298,2.120764587525151
438,0.298,2.120764587525151
439,0.298,2.120764587525151
440,0.298,2.120764587525151
441,0.298,2.120764587525151
442,0.298,2.120764587525151
443,0.298,2.120764587525151
444,0.298,2.120764587525151
445,0.298,2.120764587525151
446,0.298,2.120764587525151
447,0.298,2.120764587525151
448,0.298,2.120764587525151
449,0.298,2.120764587525151
450,0.298,2.120764587525151
451,0.298,2.120764587525151
452,0.298,2.120764587525151
453,0.298,2.120764587525151
454,0.298,2.120764587525151
455,0.298,2.120764587525151
456,0.298,2.120764587525151
457,0.298,2.120764587525151
458,0.298,2.120764587525151
459,0.298,2.120764587525151
460,0.298,2.120764587525151
461,0.298,2.120764587525151
462,0.298,2.120764587525151
463,0.298,2.120764587525151
464,0.298,2.120764587525151
465,0.298,2.120764587525151
466,0.298,2.120764587525151
467,0.298,2.120764587525151
468,0.298,2.120764587525151
469,0.298,2.120764587525151
470,0.298,2.120764587525151
471,0.298,2.120764587525151
472,0.298,2.120764587525151
473,0.298,2.120764587525151
474,0.298,2.120764587525151
475,0.298,2.120764587525151
476,0.298,2.120764587525151
477,0.298,2.120764587525151
478,0.298,2.120764587525151
479,0.298,2.120764587525151
480,0.298,2.120764587525151
481,0.298,2.120764587525151
482,0.298,2.120764587525151
483,0.298,2.120764587525151
484,0.298,2.120764587525151
485,0.298,2.120764587525151
486,0.298,2.120764587525151
487,0.298,2.120764587525151
488,0.298,2.120764587525151
489,0.298,2.120764587525151
490,0.298,2.120764587525151
491,0.298,2.120764587525151
492,0.298,2.120764587525151
493,0.298,2.120764587525151
494,0.298,2.120764587525151
495,0.298,2.120764587525151
496,0.28,2.120764587525151
